author,subreddit,post_count
1Rab,democrats,7
1Rab,neoliberal,1
Advanced-Hat2338,Anarchism,1
Advanced-Hat2338,socialism,2
Antique-Entrance-229,neoliberal,1
Antique-Entrance-229,politics,2
Ask4MD,Conservative,127
Ask4MD,Republican,10
AskandThink,Liberal,1
AskandThink,democrats,1
BiggieTwiggy1two3,Conservative,1
BiggieTwiggy1two3,politics,2
CallMeCraizy,Conservative,1
CallMeCraizy,Republican,1
Careless_Success_282,Anarchism,1
Careless_Success_282,socialism,1
Cultural_Material_98,neoliberal,1
Cultural_Material_98,politics,1
Delicious_Adeptness9,Liberal,3
Delicious_Adeptness9,PoliticalDiscussion,1
Delicious_Adeptness9,politics,4
Dependent-Cherry-129,democrats,10
Dependent-Cherry-129,politics,1
Doom_Walker,Liberal,26
Doom_Walker,democrats,2
Droughtg3xfc,Anarchism,1
Droughtg3xfc,democrats,1
Droughtg3xfc,socialism,2
Economy_Swim_8585,democrats,12
Economy_Swim_8585,politics,11
Equivalent-Ad8645,Conservative,6
Equivalent-Ad8645,Republican,61
FinalAd9844,Liberal,1
FinalAd9844,democrats,2
FreedomsPower,Liberal,5
FreedomsPower,democrats,10
Hamseda,Anarchism,1
Hamseda,socialism,3
HeHateMe337,democrats,10
HeHateMe337,politics,4
Healthy_Block3036,Liberal,64
Healthy_Block3036,democrats,35
Healthy_Block3036,politics,3
JPRedScot,Conservative,2
JPRedScot,Republican,2
Jellyandjiggles,democrats,2
Jellyandjiggles,socialism,1
Jibrish,Conservative,1
Jibrish,Republican,1
John3262005,democrats,42
John3262005,neoliberal,152
JuhpPug,Anarchism,1
JuhpPug,Liberal,1
La-Sauge,Liberal,1
La-Sauge,democrats,3
La-Sauge,politics,1
LavenderBloomings,democrats,3
LavenderBloomings,politics,2
Lotus532,Anarchism,24
Lotus532,socialism,21
Low-Zombie-8657,Anarchism,1
Low-Zombie-8657,socialism,1
M_i_c_K,Conservative,56
M_i_c_K,Republican,190
MaximusDM22,Liberal,1
MaximusDM22,politics,1
MilkyxDad,Conservative,2
MilkyxDad,Republican,2
Naurgul,Anarchism,1
Naurgul,politics,2
NewEraSom,Anarchism,1
NewEraSom,socialism,4
ObligationAware3755,Conservative,1
ObligationAware3755,politics,3
PaintedBillboard,Conservative,1
PaintedBillboard,Republican,1
Possible_Shirt_4935,Conservative,2
Possible_Shirt_4935,Republican,2
PuzzleheadedAsk6448,Liberal,1
PuzzleheadedAsk6448,democrats,1
Quirky_Chicken_1840,Conservative,1
Quirky_Chicken_1840,Republican,11
Rad_Energetics,democrats,7
Rad_Energetics,politics,6
RadiantWarden,Conservative,1
RadiantWarden,Republican,2
RatioKey2034,Conservative,1
RatioKey2034,politics,4
RelativeDinner4395,democrats,1
RelativeDinner4395,worldpolitics,4
SandyPhagina,Liberal,2
SandyPhagina,democrats,2
Signal-Lie-6785,neoliberal,1
Signal-Lie-6785,politics,3
SkudChud,Conservative,1
SkudChud,politics,3
SlightWerewolf4428,Conservative,1
SlightWerewolf4428,politics,1
Spiderwig144,Conservative,1
Spiderwig144,democrats,21
Spiderwig144,politics,3
Stonecutter_12-83,Liberal,1
Stonecutter_12-83,democrats,1
Striking-Watch,Anarchism,2
Striking-Watch,socialism,3
Suspicious-Bad4703,neoliberal,1
Suspicious-Bad4703,politics,2
TanviVats,Conservative,3
TanviVats,Republican,1
TheWayToBeauty,Liberal,1
TheWayToBeauty,neoliberal,4
TimesandSundayTimes,democrats,1
TimesandSundayTimes,politics,8
Touristupdatenola,Liberal,5
Touristupdatenola,democrats,2
USANewsUnfiltered,Conservative,12
USANewsUnfiltered,Republican,1
Various_Arrival1633,Conservative,2
Various_Arrival1633,Republican,1
West-Code4642,democrats,1
West-Code4642,politics,1
WisestPanzerOfDaLake,Liberal,1
WisestPanzerOfDaLake,politics,5
XXXCincinnatusXXX,Conservative,6
XXXCincinnatusXXX,politics,1
_vokhox_,Anarchism,1
_vokhox_,socialism,3
abrookerunsthroughit,democrats,4
abrookerunsthroughit,neoliberal,6
akejavel,Anarchism,1
akejavel,socialism,2
anohioanredditer,Anarchism,1
anohioanredditer,socialism,2
broc944,Conservative,11
broc944,politics,3
hodgehegrain,Conservative,1
hodgehegrain,Republican,1
jinc1019,Conservative,1
jinc1019,Republican,2
johnateapple,Conservative,7
johnateapple,Republican,47
josh_bisig,Liberal,1
josh_bisig,democrats,1
lire_avec_plaisir,democrats,3
lire_avec_plaisir,politics,1
maximumkush,Conservative,2
maximumkush,Republican,2
ms_directed,Liberal,3
ms_directed,democrats,1
pleasureismylife,Liberal,2
pleasureismylife,democrats,31
pleasureismylife,politics,3
progress18,Liberal,38
progress18,democrats,1
redditor01020,Conservative,1
redditor01020,politics,6
secondrunnerup,PoliticalDiscussion,1
secondrunnerup,socialism,1
sensitivesashimi,Anarchism,1
sensitivesashimi,socialism,7
squidwurd,Anarchism,1
squidwurd,socialism,3
sufinomo,democrats,3
sufinomo,politics,3
teamworldunity,Liberal,2
teamworldunity,democrats,2
this-is-all-nonsense,Liberal,3
this-is-all-nonsense,democrats,1
tigers1230,Conservative,1
tigers1230,Republican,4
tinfoiltatty,Liberal,4
tinfoiltatty,democrats,1
undercurrents,democrats,8
undercurrents,politics,5
wenchette,democrats,38
wenchette,politics,2
zsreport,democrats,1
zsreport,politics,11
