subreddit_a,subreddit_b,ideological_distance
Anarchism,Conservative,0.8999398778249723
Anarchism,Liberal,0.9997209962835443
Anarchism,PoliticalDiscussion,1.0
Anarchism,Republican,0.9109080105001118
Anarchism,democrats,0.8235268945980001
Anarchism,neoliberal,0.9131398548770048
Anarchism,politics,0.9953957762478872
Anarchism,socialism,0.9419208939578695
Anarchism,worldpolitics,0.824086099124772
Conservative,Liberal,0.9990468812423529
Conservative,PoliticalDiscussion,1.0
Conservative,Republican,0.7264876223494111
Conservative,democrats,0.49602726671755437
Conservative,neoliberal,0.7490763022062022
Conservative,politics,0.9678984113525204
Conservative,socialism,0.8685825671124534
Conservative,worldpolitics,0.4914856993968302
Liberal,PoliticalDiscussion,1.0
Liberal,Republican,0.9958072142299397
Liberal,democrats,0.9829458994444089
Liberal,neoliberal,0.9543682521633773
Liberal,politics,0.9357558213272839
Liberal,socialism,0.9997254087295944
Liberal,worldpolitics,0.9999979020371903
PoliticalDiscussion,Republican,1.0
PoliticalDiscussion,democrats,1.0
PoliticalDiscussion,neoliberal,1.0
PoliticalDiscussion,politics,1.0
PoliticalDiscussion,socialism,1.0
PoliticalDiscussion,worldpolitics,1.0
Republican,democrats,0.9032192655157907
Republican,neoliberal,0.9291459375817491
Republican,politics,0.9252483520837735
Republican,socialism,0.8692927932916914
Republican,worldpolitics,0.929332594093038
democrats,neoliberal,0.42617240734186224
democrats,politics,0.8219656919346806
democrats,socialism,0.7589809944543587
democrats,worldpolitics,0.04624518924752319
neoliberal,politics,0.3738785907393566
neoliberal,socialism,0.8901119063626345
neoliberal,worldpolitics,0.5380258133758973
politics,socialism,0.9897720885090175
politics,worldpolitics,1.0
socialism,worldpolitics,0.7970532454470447
