narrative_id,total_posts_x,unique_subreddits_x,unique_authors,first_seen_x,last_seen,cluster_id,primary_domain,representative_title,total_posts_y,unique_subreddits_y,first_seen_y,spread_strength
0_salon.com,2,2,2,2025-01-24 13:53:29,2025-02-17 03:31:25,0,salon.com,"""Excluding Indians"": Trump admin questions Native Americans' birthright citizenship in court",2,2,2025-01-24 13:53:29,4
100_newrepublic.com,2,2,2,2025-02-15 13:30:12,2025-02-16 07:03:31,100,newrepublic.com,Trump-Musk Scandal at USAID Takes Unnerving Turn With Vile Leaked Memo,2,2,2025-02-15 13:30:12,4
101_dailywire.com,2,2,2,2025-02-17 20:21:36,2025-02-17 23:07:15,101,dailywire.com,Trump’s Border Czar Marks Presidents’ Day With Statistic That Puts Biden Admin To Shame,2,2,2025-02-17 20:21:36,4
102_politico.com,2,2,2,2025-02-15 02:23:10,2025-02-15 02:55:52,102,politico.com,"Trump’s cuts hit red states, triggering GOP pushback",2,2,2025-02-15 02:23:10,4
103_vox.com,2,1,2,2025-02-15 21:17:11,2025-02-16 05:32:26,103,vox.com,Trump’s new passport rules are trapping transgender Americans in bureaucratic limbo,2,1,2025-02-15 21:17:11,2
104_i.redd.it,3,2,3,2025-01-29 15:21:22,2025-02-14 09:02:15,104,i.redd.it,Truth,3,2,2025-01-29 15:21:22,6
105_cbsnews.com,2,2,2,2025-02-14 22:56:54,2025-02-15 04:40:23,105,cbsnews.com,"U.S. Army bars transgender people from enlisting, ends gender-affirming care services",2,2,2025-02-14 22:56:54,4
106_cbsnews.com,2,2,2,2025-02-12 17:27:58,2025-02-12 18:00:43,106,cbsnews.com,"U.S. sending nonviolent, ""low-risk"" migrants to Guantanamo, despite vow to detain ""the worst"" there",2,2,2025-02-12 17:27:58,4
107_bloomberg.com,2,2,2,2025-02-16 19:18:55,2025-02-16 19:26:11,107,bloomberg.com,"US Health Department Layoffs Expand to Medicare, FDA",2,2,2025-02-16 19:18:55,4
108_wired.com,2,1,2,2025-02-14 22:01:38,2025-02-15 19:17:50,108,wired.com,US Judge Extends Order to Block DOGE From Treasury Department Data,2,1,2025-02-14 22:01:38,2
109_2news.com,1,1,1,2025-02-14 00:53:17,2025-02-14 00:53:17,109,2news.com,US deports 119 migrants from a variety of nations to Panama,1,1,2025-02-14 00:53:17,1
109_thehill.com,1,1,1,2025-02-14 01:08:11,2025-02-14 01:08:11,109,thehill.com,US deports 119 migrants from a variety of nations to Panama,1,1,2025-02-14 01:08:11,1
10_thedailybeast.com,2,2,2,2025-02-16 16:45:51,2025-02-17 13:33:49,10,thedailybeast.com,Border Czar Whines It’s Been ‘Hard’ to Find Undocumented Immigrants,2,2,2025-02-16 16:45:51,4
110_bbc.co.uk,1,1,1,2025-02-16 01:08:20,2025-02-16 01:08:20,110,bbc.co.uk,US goverment seeks to rehire recently fired nuclear workers,1,1,2025-02-16 01:08:20,1
110_bbc.com,1,1,1,2025-02-16 01:47:03,2025-02-16 01:47:03,110,bbc.com,US goverment seeks to rehire recently fired nuclear workers,1,1,2025-02-16 01:47:03,1
111_theguardian.com,2,2,2,2025-02-06 15:13:29,2025-02-06 19:14:07,111,theguardian.com,US immigration is gaming Google to create a mirage of mass deportations,2,2,2025-02-06 15:13:29,4
112_apnews.com,1,1,1,2025-02-16 10:50:42,2025-02-16 10:50:42,112,apnews.com,US presented Ukraine with a document to access its minerals but offered almost nothing in return,1,1,2025-02-16 10:50:42,1
112_thehill.com,1,1,1,2025-02-17 04:25:37,2025-02-17 04:25:37,112,thehill.com,US presented Ukraine with a document to access its minerals but offered almost nothing in return,1,1,2025-02-17 04:25:37,1
112_washingtonpost.com,1,1,1,2025-02-16 19:09:02,2025-02-16 19:09:02,112,washingtonpost.com,US presented Ukraine with a document to access its minerals but offered almost nothing in return,1,1,2025-02-16 19:09:02,1
113_thenation.com,2,1,2,2025-02-17 16:50:04,2025-02-18 02:17:12,113,thenation.com,USAID Is Not Worth Blindly Defending,2,1,2025-02-17 16:50:04,2
114_politico.eu,2,2,2,2025-02-15 14:31:34,2025-02-16 17:32:28,114,politico.eu,Ukraine balks at signing Trump deal to hand over its mineral wealth,2,2,2025-02-15 14:31:34,4
115_bbc.com,2,1,2,2025-02-16 22:03:27,2025-02-17 11:01:28,115,bbc.com,"Ukraine not invited to US-Russia peace talks in Saudi Arabia, source says",2,1,2025-02-16 22:03:27,2
116_reuters.com,2,2,2,2025-02-16 23:04:28,2025-02-17 02:43:54,116,reuters.com,"Ukraine, Europe will be part of 'real' peace talks, says Rubio, as US weighs Putin's motives",2,2,2025-02-16 23:04:28,4
117_leftvoice.org,2,1,2,2025-02-15 15:38:44,2025-02-17 00:20:55,117,leftvoice.org,Unionization and the Fight Against Trump Starts with a Break from the Democrats,2,1,2025-02-15 15:38:44,2
118_nytimes.com,3,1,3,2025-02-14 21:17:15,2025-02-15 00:55:55,118,nytimes.com,Vance Tells Europeans to Stop Shunning Parties Deemed Extreme,3,1,2025-02-14 21:17:15,3
119_wsj.com,2,2,2,2025-02-14 04:13:30,2025-02-14 12:37:16,119,wsj.com,"Vance Wields Threat of Sanctions, Military Action to Push Putin Into Ukraine Deal",2,2,2025-02-14 04:13:30,4
11_redstate.com,2,2,2,2025-02-16 00:08:26,2025-02-16 00:20:50,11,redstate.com,"CNN and MSNBC Spread Democrats' Unpopular Messaging and, in the Process, Reap Diminishing Returns",2,2,2025-02-16 00:08:26,4
120_cnn.com,1,1,1,2025-02-14 22:27:01,2025-02-14 22:27:01,120,cnn.com,Vance turns on European allies in blistering speech that downplayed threats from Russia and China,1,1,2025-02-14 22:27:01,1
120_edition.cnn.com,1,1,1,2025-02-14 18:13:04,2025-02-14 18:13:04,120,edition.cnn.com,Vance turns on European allies in blistering speech that downplayed threats from Russia and China,1,1,2025-02-14 18:13:04,1
121_apnews.com,1,1,1,2025-02-14 14:04:10,2025-02-14 14:04:10,121,apnews.com,Vance uses speech before security conference to deride Europe for squelching free speech,1,1,2025-02-14 14:04:10,1
121_independent.co.uk,1,1,1,2025-02-14 16:32:36,2025-02-14 16:32:36,121,independent.co.uk,Vance uses speech before security conference to deride Europe for squelching free speech,1,1,2025-02-14 16:32:36,1
122_nytimes.com,2,2,2,2025-02-16 15:58:58,2025-02-16 23:42:41,122,nytimes.com,"Venting at Democrats and Fearing Trump, Liberal Donors Pull Back Cash",2,2,2025-02-16 15:58:58,4
123_nytimes.com,2,1,2,2025-02-17 23:16:13,2025-02-18 03:23:29,123,nytimes.com,Washington Post Cancels Ad From Groups Calling for Trump to Fire Musk,2,1,2025-02-17 23:16:13,2
124_nypost.com,2,2,2,2025-02-14 19:32:55,2025-02-14 19:47:21,124,nypost.com,"White House trolls illegal migrants with Valentine's Day card featuring Trump, Homan",2,2,2025-02-14 19:32:55,4
125_msn.com,1,1,1,2025-02-15 00:46:26,2025-02-15 00:46:26,125,msn.com,Why Isn’t Congress Doing Anything?,1,1,2025-02-15 00:46:26,1
125_theatlantic.com,2,1,2,2025-02-14 14:05:04,2025-02-14 17:56:43,125,theatlantic.com,Why Isn’t Congress Doing Anything?,2,1,2025-02-14 14:05:04,2
126_i.redd.it,2,1,2,2025-02-14 02:47:24,2025-02-17 16:48:30,126,i.redd.it,Yep,2,1,2025-02-14 02:47:24,2
127_cnn.com,1,1,1,2025-02-15 12:52:12,2025-02-15 12:52:12,127,cnn.com,Zelensky warns the days of America’s guaranteed support for Europe are over,1,1,2025-02-15 12:52:12,1
127_edition.cnn.com,1,1,1,2025-02-15 13:01:29,2025-02-15 13:01:29,127,edition.cnn.com,Zelensky warns the days of America’s guaranteed support for Europe are over,1,1,2025-02-15 13:01:29,1
128_blackrosefed.org,2,1,2,2025-02-12 19:32:23,2025-02-13 12:11:09,128,blackrosefed.org,[Debate] Clarifying Especifismo: A Response to DSA-LSC's 'Letter to the Libertarian Left',2,1,2025-02-12 19:32:23,2
129_theguardian.com,2,2,2,2025-02-14 11:49:53,2025-02-14 15:21:27,129,theguardian.com,‘A human rights disaster’: immigrants sent into Guantánamo black hole despite no proof of crime,2,2,2025-02-14 11:49:53,4
12_i.redd.it,4,1,2,2024-11-25 17:35:31,2025-02-17 23:11:21,12,i.redd.it,Cat,4,1,2024-11-25 17:35:31,4
130_time.com,2,2,2,2025-02-15 14:45:10,2025-02-15 14:59:41,130,time.com,‘The Worst I’ve Ever Seen’: Trump’s Mass Layoffs Leave Federal Workers Baffled and Angry,2,2,2025-02-15 14:45:10,4
13_reuters.com,2,2,2,2025-02-16 00:03:40,2025-02-16 12:11:40,13,reuters.com,China seeks stronger cooperation with Germany and EU,2,2,2025-02-16 00:03:40,4
14_notthebee.com,3,2,3,2025-02-11 17:16:12,2025-02-11 18:44:34,14,notthebee.com,"Chuck Schumer launched a tipline to report government abuses of power, and the replies are perfect",3,2,2025-02-11 17:16:12,6
15_nbcnews.com,3,3,2,2025-02-15 12:30:25,2025-02-15 17:33:26,15,nbcnews.com,Control of the Wisconsin Supreme Court is up for grabs — again — in first big 2025 battleground race,3,3,2025-02-15 12:30:25,9
16_dailyboulder.com,2,2,2,2025-02-14 15:22:06,2025-02-14 15:51:54,16,dailyboulder.com,DOGE Website Hacked and Defaced — Internet Laughs at Musk: 'These Experts Left Their Database Open',2,2,2025-02-14 15:22:06,4
17_cnbc.com,2,2,2,2025-02-13 21:09:41,2025-02-16 16:44:41,17,cnbc.com,Defense stocks drop after Trump says Pentagon spending could be halved,2,2,2025-02-13 21:09:41,4
18_cnn.com,2,2,2,2025-02-16 12:40:31,2025-02-16 13:54:52,18,cnn.com,Democrats confront their powerlessness as Trump flexes authority,2,2,2025-02-16 12:40:31,4
19_babylonbee.com,3,2,2,2025-02-13 17:43:13,2025-02-13 17:45:26,19,babylonbee.com,"Democrats, Republicans Panic As Trump Brings World To Brink Of Peace",3,2,2025-02-13 17:43:13,6
1_thenerdreich.com,2,2,2,2025-02-06 01:49:33,2025-02-06 14:30:17,1,thenerdreich.com,'Reboot' Revealed: Elon Musk's CEO-Dictator Playbook,2,2,2025-02-06 01:49:33,4
20_babylonbee.com,2,2,2,2025-02-17 21:26:00,2025-02-17 22:41:47,20,babylonbee.com,Deranged Maniac Fires Off Over 17 Memes In Crowded German Shopping Mall,2,2,2025-02-17 21:26:00,4
21_apnews.com,2,2,2,2025-02-16 16:49:59,2025-02-17 12:32:32,21,apnews.com,Dismantling of federal efforts to monitor election interference creates opening for foreign meddling,2,2,2025-02-16 16:49:59,4
22_nytimes.com,2,1,2,2025-02-15 12:30:03,2025-02-15 12:46:31,22,nytimes.com,Don’t Assume Trump Is Wrong About Birthright Citizenship,2,1,2025-02-15 12:30:03,2
23_dailywire.com,2,2,2,2025-02-17 04:29:18,2025-02-17 13:52:11,23,dailywire.com,"Elon Musk ‘Cracked The Code’ For Defeating The ‘Deep State,’ Speaker Johnson Says",2,2,2025-02-17 04:29:18,4
24_huffpost.com,2,1,2,2025-02-14 19:43:59,2025-02-15 02:57:35,24,huffpost.com,Elon Musk’s DOGE Posts Classified Data On Its New Website,2,1,2025-02-14 19:43:59,2
25_newrepublic.com,2,1,2,2025-02-15 03:01:02,2025-02-15 15:26:20,25,newrepublic.com,Elon Musk’s DOGE Shares Classified U.S. Intel With Entire World,2,1,2025-02-15 03:01:02,2
26_projects.propublica.org,2,2,2,2025-02-07 06:01:51,2025-02-17 01:14:32,26,projects.propublica.org,Elon Musk’s Demolition Crew,2,2,2025-02-07 06:01:51,4
27_foxnews.com,2,2,2,2025-02-11 02:18:17,2025-02-11 17:55:02,27,foxnews.com,FBI uncovers thousands of undisclosed records connected to JFK's assassination,2,2,2025-02-11 02:18:17,4
28_cnn.com,2,2,2,2025-02-15 14:50:21,2025-02-16 05:35:05,28,cnn.com,Fast-moving Trump DOGE policies and court challenges leave Justice Department lawyers twisting in the wind,2,2,2025-02-15 14:50:21,4
29_cnn.com,1,1,1,2025-02-14 18:47:32,2025-02-14 18:47:32,29,cnn.com,"Federal prosecutors drop criminal probe into ex-WWE boss Vince McMahon, his lawyer says",1,1,2025-02-14 18:47:32,1
29_edition.cnn.com,1,1,1,2025-02-15 06:45:13,2025-02-15 06:45:13,29,edition.cnn.com,"Federal prosecutors drop criminal probe into ex-WWE boss Vince McMahon, his lawyer says",1,1,2025-02-15 06:45:13,1
2_techdirt.com,2,2,2,2025-02-04 06:02:02,2025-02-04 14:56:15,2,techdirt.com,A Coup Is In Progress In America,2,2,2025-02-04 06:02:02,4
30_cbsnews.com,3,2,2,2025-02-15 14:17:34,2025-02-15 14:21:14,30,cbsnews.com,"Federal workers express shock, anger over mass firings: ""You are not fit for continued employment""",3,2,2025-02-15 14:17:34,6
31_apnews.com,1,1,1,2025-02-14 18:26:55,2025-02-14 18:26:55,31,apnews.com,German minister hits back against Vance’s complaints on the state of European democracy,1,1,2025-02-14 18:26:55,1
31_washingtontimes.com,1,1,1,2025-02-14 21:09:53,2025-02-14 21:09:53,31,washingtontimes.com,German minister hits back against Vance’s complaints on the state of European democracy,1,1,2025-02-14 21:09:53,1
32_politico.eu,2,2,2,2025-02-11 13:55:28,2025-02-17 17:06:00,32,politico.eu,Germany’s far-left party sees membership surge before election,2,2,2025-02-11 13:55:28,4
33_nypost.com,2,1,2,2025-02-13 19:32:15,2025-02-13 20:37:20,33,nypost.com,"HHS spent $22B on grants for migrants — including cash for cars, home loans and startups",2,1,2025-02-13 19:32:15,2
34_axios.com,3,3,2,2025-02-03 17:46:29,2025-02-03 18:39:24,34,axios.com,Hakeem Jeffries lays out war plan for Democrats to take on Trump,3,3,2025-02-03 17:46:29,9
35_i.redd.it,2,1,2,2025-02-17 11:25:15,2025-02-17 13:19:45,35,i.redd.it,Happy Presidents Day!,2,1,2025-02-17 11:25:15,2
36_military.com,1,1,1,2025-02-08 02:16:19,2025-02-08 02:16:19,36,military.com,"Hegseth Wants $50,000 for 'Emergency' Paint Job to Move into Military Family Housing, Lawmakers Say",1,1,2025-02-08 02:16:19,1
36_yahoo.com,1,1,1,2025-02-08 00:14:52,2025-02-08 00:14:52,36,yahoo.com,"Hegseth Wants $50,000 for 'Emergency' Paint Job to Move into Military Family Housing, Lawmakers Say",1,1,2025-02-08 00:14:52,1
37_nytimes.com,2,2,2,2025-02-03 14:56:03,2025-02-03 15:06:08,37,nytimes.com,House Democratic Super PAC Creates $50 Million Fund Targeting Working Class,2,2,2025-02-03 14:56:03,4
38_thehill.com,2,2,2,2025-02-14 22:04:43,2025-02-15 05:57:37,38,thehill.com,"House Republicans plot impeachment against judges blocking Trump, DOGE",2,2,2025-02-14 22:04:43,4
39_justthenews.com,2,2,2,2025-02-15 18:58:51,2025-02-15 23:42:56,39,justthenews.com,"House Republicans prepare to impeach federal judges blocking Trump, DOGE policies",2,2,2025-02-15 18:58:51,4
3_propublica.org,3,1,3,2025-01-04 20:26:12,2025-01-10 18:38:34,3,propublica.org,A Mole Infiltrated the Highest Ranks of American Militias. This Is What He Found.,3,1,2025-01-04 20:26:12,3
40_theatlantic.com,3,2,3,2025-02-16 19:24:47,2025-02-18 05:29:50,40,theatlantic.com,How Progressives Broke the Government,3,2,2025-02-16 19:24:47,6
41_wsj.com,2,1,2,2025-02-14 07:12:05,2025-02-15 11:18:27,41,wsj.com,How the Trumps Turned an Election Victory Into a Cash Bonanza,2,1,2025-02-14 07:12:05,2
42_pbs.org,2,2,2,2025-02-18 04:14:42,2025-02-18 05:02:24,42,pbs.org,How the start of Trump’s second term looks like some autocracies,2,2,2025-02-18 04:14:42,4
43_bbc.co.uk,1,1,1,2025-02-18 10:46:46,2025-02-18 10:46:46,43,bbc.co.uk,"Hundreds fired at aviation safety agency, union says",1,1,2025-02-18 10:46:46,1
43_bbc.com,1,1,1,2025-02-17 21:16:34,2025-02-17 21:16:34,43,bbc.com,"Hundreds fired at aviation safety agency, union says",1,1,2025-02-17 21:16:34,1
44_washingtonpost.com,2,2,2,2025-02-15 19:04:29,2025-02-16 12:51:39,44,washingtonpost.com,ICE struggles to boost arrest numbers despite infusion of resources,2,2,2025-02-15 19:04:29,4
45_pbs.org,2,2,2,2025-02-16 21:15:34,2025-02-16 21:52:27,45,pbs.org,Israel's Netanyahu signals he's moving ahead with Trump's plan to move Palestinians from Gaza,2,2,2025-02-16 21:15:34,4
46_bbc.co.uk,1,1,1,2025-02-14 23:33:16,2025-02-14 23:33:16,46,bbc.co.uk,JD Vance attacks Europe over free speech and migration,1,1,2025-02-14 23:33:16,1
46_bbc.com,1,1,1,2025-02-14 20:12:20,2025-02-14 20:12:20,46,bbc.com,JD Vance attacks Europe over free speech and migration,1,1,2025-02-14 20:12:20,1
47_theguardian.com,2,2,2,2025-02-14 22:30:07,2025-02-15 08:10:33,47,theguardian.com,JD Vance breaks taboo by meeting with leader of Germany’s far-right party,2,2,2025-02-14 22:30:07,4
48_npr.org,2,1,2,2025-02-12 12:08:56,2025-02-12 15:48:30,48,npr.org,"Jan. 6 video evidence has 'disappeared' from public access, media coalition says",2,1,2025-02-12 12:08:56,2
49_babylonbee.com,2,2,2,2025-02-17 19:21:27,2025-02-17 20:10:37,49,babylonbee.com,Jobs Report Shows Skyrocketing Unemployment Among Lizard People,2,2,2025-02-17 19:21:27,4
4_yesmagazine.org,2,1,2,2024-11-24 16:54:54,2024-11-25 18:06:06,4,yesmagazine.org,A Return to Leftist Self-Defense,2,1,2024-11-24 16:54:54,2
50_dailywire.com,2,2,2,2025-02-16 17:56:25,2025-02-16 22:57:13,50,dailywire.com,Joe Biden Set A New Record While He Was President — Most Vacation Days,2,2,2025-02-16 17:56:25,4
51_apnews.com,2,2,2,2025-02-15 20:26:26,2025-02-15 23:43:29,51,apnews.com,Justice Department fires 20 immigration judges from backlogged courts amid major government cuts,2,2,2025-02-15 20:26:26,4
52_dailywire.com,2,2,2,2025-02-15 17:28:24,2025-02-15 17:51:35,52,dailywire.com,Keeping Up With Trump: Here’s Everything He Did Week Four,2,2,2025-02-15 17:28:24,4
53_nbcnews.com,2,2,2,2025-02-01 18:03:56,2025-02-01 22:01:18,53,nbcnews.com,Ken Martin wins election as the next chair of the Democratic National Committee,2,2,2025-02-01 18:03:56,4
54_notthebee.com,2,1,2,2025-01-23 17:57:44,2025-01-23 19:04:54,54,notthebee.com,Klaus Schwab introduced Donald Trump at the World Economic Forum and then Trump went FULL TRUMP MODE 🥳,2,1,2025-01-23 17:57:44,2
55_apnews.com,1,1,1,2025-02-14 18:21:42,2025-02-14 18:21:42,55,apnews.com,"Louisiana to end mass vaccine promotion, state's top health official says",1,1,2025-02-14 18:21:42,1
55_politico.com,1,1,1,2025-02-14 16:41:33,2025-02-14 16:41:33,55,politico.com,"Louisiana to end mass vaccine promotion, state's top health official says",1,1,2025-02-14 16:41:33,1
56_nationalpost.com,2,2,2,2025-02-15 02:54:02,2025-02-17 15:29:40,56,nationalpost.com,Mark Norman: Canada's relationship with the U.S. can't be saved,2,2,2025-02-15 02:54:02,4
57_cnn.com,2,2,2,2025-02-13 03:31:31,2025-02-13 05:25:57,57,cnn.com,Mass firings have begun at federal agencies,2,2,2025-02-13 03:31:31,4
58_cnn.com,1,1,1,2025-02-15 19:49:35,2025-02-15 19:49:35,58,cnn.com,"McConnell, free from leadership constraints, bucks Trump and the evolving GOP",1,1,2025-02-15 19:49:35,1
58_edition.cnn.com,1,1,1,2025-02-16 10:16:48,2025-02-16 10:16:48,58,edition.cnn.com,"McConnell, free from leadership constraints, bucks Trump and the evolving GOP",1,1,2025-02-16 10:16:48,1
59_apnews.com,3,2,3,2025-02-13 22:18:49,2025-02-14 22:35:25,59,apnews.com,NATO is in disarray after the US announces that its security priorities lie elsewhere,3,2,2025-02-13 22:18:49,6
5_theverge.com,2,1,2,2025-02-17 21:49:18,2025-02-17 23:01:05,5,theverge.com,A team from SpaceX is being brought in to overhaul FAA’s air traffic control system,2,1,2025-02-17 21:49:18,2
60_notthebee.com,2,2,2,2025-02-15 05:21:42,2025-02-15 19:37:30,60,notthebee.com,Ohio bill would make it illegal to ejaculate without the intent to conceive a child ... You'll never guess who's exempt,2,2,2025-02-15 05:21:42,4
61_townhall.com,3,2,2,2025-02-12 22:45:54,2025-02-12 22:51:43,61,townhall.com,"Pam Bondi Announces Charges Against Kathy Hochul, Letitia James",3,2,2025-02-12 22:45:54,6
62_yahoo.com,2,2,2,2025-02-06 06:15:43,2025-02-06 06:44:02,62,yahoo.com,Panama Canal denies US claim of preferential crossing rights,2,2,2025-02-06 06:15:43,4
63_redstate.com,2,1,2,2025-02-03 00:58:42,2025-02-03 02:01:22,63,redstate.com,Panama Capitulates - Will Not Renew 2017 Deal With China. What's Next?,2,1,2025-02-03 00:58:42,2
64_notthebee.com,2,2,2,2025-02-16 15:48:38,2025-02-16 20:58:36,64,notthebee.com,"Pennsylvania Democrat accuses the Trump administration of being ""white supremacist""",2,2,2025-02-16 15:48:38,4
65_dailywire.com,2,2,2,2025-02-17 16:37:40,2025-02-18 00:59:26,65,dailywire.com,Presidents’ Day Scorecard: How’s Trump Stacking Up To His Predecessors?,2,2,2025-02-17 16:37:40,4
66_nytimes.com,3,1,3,2025-02-16 14:17:07,2025-02-17 02:19:09,66,nytimes.com,Putin Has Long Wanted More Power in Europe. Trump Could Grant It.,3,1,2025-02-16 14:17:07,3
67_youtu.be,2,2,2,2025-01-26 23:03:58,2025-01-28 11:53:02,67,youtu.be,Rejecting Doomerism with Revolutionary Optimism,2,2,2025-01-26 23:03:58,4
68_ogles.house.gov,2,2,2,2025-01-24 03:42:11,2025-02-16 23:06:30,68,ogles.house.gov,Rep. Ogles Proposes Amending the 22nd Amendment to Allow Trump to Serve a Third Term,2,2,2025-01-24 03:42:11,4
69_axios.com,2,2,2,2025-02-04 02:52:10,2025-02-04 06:54:54,69,axios.com,Resistance 2.0: Furious Democrats flood the zone with acts of anti-Trump resistance,2,2,2025-02-04 02:52:10,4
6_npr.org,2,2,2,2025-02-14 03:44:04,2025-02-16 03:26:17,6,npr.org,"After delay, CDC releases data signaling bird flu spread undetected in cows and people",2,2,2025-02-14 03:44:04,4
70_nature.com,2,2,2,2025-02-15 16:36:09,2025-02-16 01:39:05,70,nature.com,Royal Society will meet amid campaign to revoke Elon Musk’s fellowship,2,2,2025-02-15 16:36:09,4
71_foxnews.com,2,2,2,2025-02-16 21:18:34,2025-02-17 02:43:48,71,foxnews.com,Rubio defends Vance's Munich speech as CBS host suggests 'free speech' caused the Holocaust,2,2,2025-02-16 21:18:34,4
72_nytimes.com,2,1,2,2025-02-15 00:33:40,2025-02-15 01:21:07,72,nytimes.com,"Seeking a Mar-a-Lago Vibe, Trump Considers Paving Over Grass in Rose Garden",2,1,2025-02-15 00:33:40,2
73_cnn.com,2,2,2,2025-02-18 04:06:24,2025-02-18 04:21:33,73,cnn.com,"Social Security head steps down over DOGE access of recipient information, sources say",2,2,2025-02-18 04:06:24,4
74_theatlantic.com,2,2,2,2025-02-14 19:02:50,2025-02-16 00:59:15,74,theatlantic.com,The Opposition Is Already Growing,2,2,2025-02-14 19:02:50,4
75_foreignaffairs.com,2,2,2,2025-02-12 02:13:32,2025-02-12 09:10:36,75,foreignaffairs.com,The Path to American Authoritarianism,2,2,2025-02-12 02:13:32,4
76_nytimes.com,2,2,2,2025-02-16 13:06:16,2025-02-16 16:44:22,76,nytimes.com,The Republican Party’s NPC Problem — and Ours,2,2,2025-02-16 13:06:16,4
77_americanprogress.org,2,2,2,2025-02-03 21:09:50,2025-02-06 16:48:41,77,americanprogress.org,The SAVE Act Would Disenfranchise Millions of Citizens,2,2,2025-02-03 21:09:50,4
78_politico.eu,2,2,2,2025-02-16 13:43:35,2025-02-16 15:00:50,78,politico.eu,The US said Ukraine would meet with Russia to discuss peace. That was news to Kyiv.,2,2,2025-02-16 13:43:35,4
79_amp.cnn.com,1,1,1,2025-02-15 14:41:24,2025-02-15 14:41:24,79,amp.cnn.com,The White House bans the AP indefinitely over the use of ‘Gulf of Mexico’,1,1,2025-02-15 14:41:24,1
79_cnn.com,2,1,2,2025-02-14 19:02:48,2025-02-14 19:41:47,79,cnn.com,The White House bans the AP indefinitely over the use of ‘Gulf of Mexico’,2,1,2025-02-14 19:02:48,2
7_apnews.com,2,1,2,2025-02-15 00:16:50,2025-02-15 01:23:54,7,apnews.com,"Anger, chaos and confusion take hold as federal workers face mass layoffs",2,1,2025-02-15 00:16:50,2
80_theatlantic.com,2,1,2,2025-02-14 09:00:45,2025-02-14 15:17:30,80,theatlantic.com,There’s a Term for What Trump and Musk Are Doing,2,1,2025-02-14 09:00:45,2
81_abcnews.go.com,2,1,2,2025-02-14 14:36:22,2025-02-14 17:32:47,81,abcnews.go.com,Transgender references removed from Stonewall National Monument website,2,1,2025-02-14 14:36:22,2
82_bloomberg.com,2,2,2,2025-02-13 23:55:39,2025-02-14 00:18:59,82,bloomberg.com,Trump Offers F-35 Jet to India in Push for More Defense Deals,2,2,2025-02-13 23:55:39,4
83_propublica.org,1,1,1,2025-02-16 02:01:18,2025-02-16 02:01:18,83,propublica.org,Trump Official Destroying USAID Secretly Met With Christian Nationalists Abroad in Defiance of U.S. Policy,1,1,2025-02-16 02:01:18,1
84_democrats-appropriations.house.gov,2,1,2,2025-02-10 14:02:44,2025-02-13 02:03:07,84,democrats-appropriations.house.gov,Trump Team Dismantles Efforts to Find a Cure for Cancer and Other Deadly Disorders and Diseases,2,1,2025-02-10 14:02:44,2
85_politico.com,3,3,3,2025-02-16 14:00:57,2025-02-16 18:16:41,85,politico.com,Trump administration firings hit key office handling bird flu response,3,3,2025-02-16 14:00:57,9
86_ft.com,2,2,2,2025-02-17 13:20:04,2025-02-17 13:32:56,86,ft.com,Trump administration pressures Romania to lift restrictions on Tate brothers,2,2,2025-02-17 13:20:04,4
87_abcnews.go.com,1,1,1,2025-02-17 16:58:01,2025-02-17 16:58:01,87,abcnews.go.com,Trump administration wants the Supreme Court to let the firing of whistleblower agency head proceed,1,1,2025-02-17 16:58:01,1
87_apnews.com,2,1,2,2025-02-16 21:26:04,2025-02-17 03:26:25,87,apnews.com,Trump administration wants the Supreme Court to let the firing of whistleblower agency head proceed,2,1,2025-02-16 21:26:04,2
88_nbcnews.com,3,2,3,2025-02-15 17:26:37,2025-02-15 18:03:57,88,nbcnews.com,Trump administration wants to un-fire some nuclear safety workers but can’t figure out how to reach them,3,2,2025-02-15 17:26:37,6
89_aol.com,1,1,1,2025-02-10 15:49:01,2025-02-10 15:49:01,89,aol.com,"Trump asks GOP leaders to end tax perks for billionaire sports owners, hedge funds to cover ‘middle class’ cuts",1,1,2025-02-10 15:49:01,1
89_nypost.com,1,1,1,2025-02-07 00:19:40,2025-02-07 00:19:40,89,nypost.com,"Trump asks GOP leaders to end tax perks for billionaire sports owners, hedge funds to cover ‘middle class’ cuts",1,1,2025-02-07 00:19:40,1
8_i.redd.it,2,1,2,2024-11-27 21:49:15,2024-11-28 09:31:06,8,i.redd.it,Anime titties,2,1,2024-11-27 21:49:15,2
90_apnews.com,3,3,3,2025-02-17 14:11:49,2025-02-17 16:26:14,90,apnews.com,Trump begins firings of FAA air traffic control staff just weeks after fatal DC plane crash,3,3,2025-02-17 14:11:49,9
90_seattletimes.com,1,1,1,2025-02-17 16:21:59,2025-02-17 16:21:59,90,seattletimes.com,Trump begins firings of FAA air traffic control staff just weeks after fatal DC plane crash,1,1,2025-02-17 16:21:59,1
91_popular.info,2,2,2,2025-02-13 14:06:34,2025-02-13 14:20:36,91,popular.info,Trump executive order leads to $100 energy bill hike for hundreds in Alabama,2,2,2025-02-13 14:06:34,4
92_cnn.com,1,1,1,2025-02-17 10:53:23,2025-02-17 10:53:23,92,cnn.com,Trump offers key concessions to Putin ahead of Ukraine peace talks in Saudi Arabia,1,1,2025-02-17 10:53:23,1
92_edition.cnn.com,1,1,1,2025-02-18 02:29:38,2025-02-18 02:29:38,92,edition.cnn.com,Trump offers key concessions to Putin ahead of Ukraine peace talks in Saudi Arabia,1,1,2025-02-18 02:29:38,1
93_cnn.com,2,2,2,2025-02-15 01:00:25,2025-02-15 02:12:43,93,cnn.com,"Trump officials fired nuclear staff not realizing they oversee the country’s weapons stockpile, sources say",2,2,2025-02-15 01:00:25,4
94_nbcnews.com,2,2,2,2025-02-15 04:59:10,2025-02-15 14:44:02,94,nbcnews.com,Trump officials pitch Zelenskyy on U.S. owning 50% of Ukraine's rare earth minerals,2,2,2025-02-15 04:59:10,4
95_motherjones.com,2,2,2,2025-02-14 17:31:31,2025-02-15 03:55:30,95,motherjones.com,Trump prepares to wipe out years of progress on gun violence,2,2,2025-02-14 17:31:31,4
96_economictimes.indiatimes.com,1,1,1,2025-02-13 21:52:56,2025-02-13 21:52:56,96,economictimes.indiatimes.com,Trump says Russia should be readmitted to G7,1,1,2025-02-13 21:52:56,1
96_reuters.com,1,1,1,2025-02-13 21:40:13,2025-02-13 21:40:13,96,reuters.com,Trump says Russia should be readmitted to G7,1,1,2025-02-13 21:40:13,1
97_independent.co.uk,1,1,1,2025-02-16 12:42:32,2025-02-16 12:42:32,97,independent.co.uk,Trump suggests he’s above the law with ominous Napoleon quote,1,1,2025-02-16 12:42:32,1
97_the-independent.com,2,2,2,2025-02-16 00:10:50,2025-02-16 18:06:32,97,the-independent.com,Trump suggests he’s above the law with ominous Napoleon quote,2,2,2025-02-16 00:10:50,4
98_politico.eu,1,1,1,2025-02-15 18:51:54,2025-02-15 18:51:54,98,politico.eu,Trump team to start Russia-Ukraine peace talks in Saudi Arabia,1,1,2025-02-15 18:51:54,1
98_reuters.com,1,1,1,2025-02-15 20:54:30,2025-02-15 20:54:30,98,reuters.com,Trump team to start Russia-Ukraine peace talks in Saudi Arabia,1,1,2025-02-15 20:54:30,1
99_cnbc.com,2,2,2,2025-02-10 18:43:45,2025-02-10 18:47:53,99,cnbc.com,Trump to pause enforcement of law banning bribery of foreign officials,2,2,2025-02-10 18:43:45,4
9_pjmedia.com,3,2,2,2025-02-15 16:38:03,2025-02-15 23:30:47,9,pjmedia.com,BOOM: DOGE Gets a Sweet Victory in Court,3,2,2025-02-15 16:38:03,6
