subreddit,domain,count
Anarchism,50501movement.carrd.co,1
Anarchism,abcnews.go.com,1
Anarchism,abolitionmedia.noblogs.org,1
Anarchism,academia.edu,1
Anarchism,actupny.org,1
Anarchism,adespotos.org,1
Anarchism,afsc.org,1
Anarchism,amplifierfilms.ca,1
Anarchism,anarchistnews.org,4
Anarchism,angryeducationworkers.com,1
Anarchism,antidotezine.com,1
Anarchism,apple.news,1
Anarchism,archive.is,1
Anarchism,archive.ph,1
Anarchism,athens.indymedia.org,1
Anarchism,bbc.co.uk,1
Anarchism,bianet.org,1
Anarchism,blackrosefed.org,11
Anarchism,bsky.app,2
Anarchism,bureburebure.info,1
Anarchism,cbc.ca,1
Anarchism,cia.gov,1
Anarchism,cnn.com,1
Anarchism,convergencemag.com,1
Anarchism,crimethinc.com,2
Anarchism,currentaffairs.org,15
Anarchism,deafleft.com,1
Anarchism,debatemebro.substack.com,1
Anarchism,distro.f-91w.club,1
Anarchism,diyconspiracy.net,1
Anarchism,drive.proton.me,1
Anarchism,en.wikipedia.org,2
Anarchism,flintcitytimes.com,1
Anarchism,freedomnews.org.uk,8
Anarchism,harpers.org,1
Anarchism,i.redd.it,83
Anarchism,incogkneegrowth.substack.com,1
Anarchism,independentleft.ie,1
Anarchism,instagram.com,2
Anarchism,isr.press,1
Anarchism,itsgoingdown.org,1
Anarchism,jacobin.com,2
Anarchism,jps.library.utoronto.ca,1
Anarchism,kenklippenstein.com,1
Anarchism,ktla.com,1
Anarchism,labrujulaverde.com,1
Anarchism,libcom.org,3
Anarchism,libertarian-labyrinth.org,2
Anarchism,maia.crimew.gay,1
Anarchism,medium.com,2
Anarchism,mtlcounterinfo.org,2
Anarchism,muntjacmag.noblogs.org,1
Anarchism,neighborhoodanarchists.org,1
Anarchism,newsnow.co.uk,1
Anarchism,npr.org,1
Anarchism,open.substack.com,1
Anarchism,pastebin.com,1
Anarchism,peoplesdispatch.org,1
Anarchism,petapixel.com,1
Anarchism,pinkpeacock.gay,1
Anarchism,politicalwire.com,1
Anarchism,propublica.org,4
Anarchism,psychologytoday.com,1
Anarchism,reddit.com,29
Anarchism,reuters.com,2
Anarchism,self.Anarchism,445
Anarchism,shado-mag.com,1
Anarchism,siliconvalley.com,1
Anarchism,solidarityzone.net,1
Anarchism,song.link,1
Anarchism,southfloridareporter.com,1
Anarchism,spencersunshine.com,1
Anarchism,sproutdistro.com,1
Anarchism,static1.squarespace.com,1
Anarchism,sub.media,2
Anarchism,substack.com,1
Anarchism,tampabay.com,1
Anarchism,taratw.com,1
Anarchism,tempestmag.org,1
Anarchism,theanarchistlibrary.org,8
Anarchism,thecradle.co,1
Anarchism,theguardian.com,3
Anarchism,theintercept.com,1
Anarchism,themoscowtimes.com,1
Anarchism,tvtropes.org,1
Anarchism,ukdefencejournal.org.uk,1
Anarchism,uprisingsupport.org,1
Anarchism,usa.anarchistlibraries.net,1
Anarchism,usufructcollective.wordpress.com,1
Anarchism,vimeo.com,1
Anarchism,whitesupremacyculture.info,1
Anarchism,working-mass.com,1
Anarchism,write.as,1
Anarchism,x.com,1
Anarchism,yesmagazine.org,2
Anarchism,youtu.be,28
Anarchism,youtube.com,31
Anarchism,zinnedproject.org,1
Anarchism,znetwork.org,1
Conservative,2news.com,1
Conservative,9news.com.au,1
Conservative,abc7ny.com,1
Conservative,acecomments.mu.nu,1
Conservative,afn.net,1
Conservative,al-monitor.com,1
Conservative,americanwirenews.com,1
Conservative,amgreatness.com,3
Conservative,aol.com,2
Conservative,apnews.com,6
Conservative,aztecreports.com,1
Conservative,babylonbee.com,25
Conservative,breitbart.com,41
Conservative,buildremote.co,1
Conservative,carscoops.com,1
Conservative,cbc.ca,2
Conservative,christianpost.com,1
Conservative,city-journal.org,2
Conservative,climatedepot.com,1
Conservative,coloradonewsline.com,1
Conservative,coloradosun.com,1
Conservative,commentary.org,1
Conservative,comptroller.nyc.gov,1
Conservative,congress.gov,1
Conservative,creators.com,1
Conservative,ctvnews.ca,3
Conservative,dailyboulder.com,1
Conservative,dailycaller.com,5
Conservative,dailyfetched.com,1
Conservative,dailymail.co.uk,11
Conservative,dailywire.com,27
Conservative,dallasexpress.com,1
Conservative,deepnewz.com,1
Conservative,defense.gov,1
Conservative,designnews.com,1
Conservative,doge-tracker.com,1
Conservative,doge.gov,3
Conservative,driveteslacanada.ca,2
Conservative,durhamregion.com,1
Conservative,ecfa.org,1
Conservative,economictimes.indiatimes.com,1
Conservative,esstnews.com,5
Conservative,financialpost.com,1
Conservative,forbes.com,4
Conservative,forexlive.com,1
Conservative,forward.com,1
Conservative,fox19.com,1
Conservative,fox28spokane.com,1
Conservative,foxbusiness.com,2
Conservative,foxnews.com,38
Conservative,freebeacon.com,9
Conservative,frontpagemag.com,6
Conservative,ft.com,1
Conservative,gazette.com,1
Conservative,genesiustimes.com,3
Conservative,gizmodo.com,1
Conservative,globalbenefit.co.uk,1
Conservative,globalnews.ca,1
Conservative,govtrack.live,2
Conservative,harbingersdaily.com,1
Conservative,hoover.org,2
Conservative,hotair.com,16
Conservative,i.imgur.com,1
Conservative,i.redd.it,131
Conservative,imgflip.com,1
Conservative,investing.com,1
Conservative,issuesinsights.com,2
Conservative,johnkassnews.com,1
Conservative,jonathanturley.org,4
Conservative,jpost.com,1
Conservative,justthenews.com,6
Conservative,kafeneio.social,1
Conservative,komonews.com,1
Conservative,ktla.com,1
Conservative,lifenews.com,1
Conservative,lifezette.com,1
Conservative,liveaction.org,3
Conservative,livemint.com,1
Conservative,livenowfox.com,2
Conservative,m.economictimes.com,1
Conservative,marquette.edu,1
Conservative,meforum.org,1
Conservative,milwaukeeindependent.com,1
Conservative,mirror.co.uk,1
Conservative,mrcfreespeechamerica.org,3
Conservative,mustreadalaska.com,1
Conservative,nationalpost.com,2
Conservative,nationalreview.com,5
Conservative,nbcnewyork.com,1
Conservative,newmarkettoday.ca,1
Conservative,news.antiwar.com,1
Conservative,news.com.au,1
Conservative,news.sky.com,4
Conservative,news18.com,1
Conservative,newsbusters.org,6
Conservative,newsmax.com,3
Conservative,newsnationnow.com,1
Conservative,nordictimes.com,1
Conservative,notthebee.com,29
Conservative,npr.org,1
Conservative,nsnews.com,1
Conservative,nypost.com,32
Conservative,nytimes.com,1
Conservative,oann.com,2
Conservative,obamawhitehouse.archives.gov,1
Conservative,outkick.com,1
Conservative,pjmedia.com,10
Conservative,post-gazette.com,1
Conservative,postandcourier.com,1
Conservative,powerlineblog.com,1
Conservative,pubmed.ncbi.nlm.nih.gov,1
Conservative,quillette.com,1
Conservative,racket.news,1
Conservative,rairfoundation.com,2
Conservative,realclearinvestigations.com,1
Conservative,realclearpolitics.com,7
Conservative,rebelnews.com,1
Conservative,reddit.com,4
Conservative,redstate.com,26
Conservative,reuters.com,1
Conservative,rumble.com,1
Conservative,san.com,1
Conservative,self.Conservative,193
Conservative,spectator.co.uk,1
Conservative,spectator.org,2
Conservative,spiked-online.com,2
Conservative,state.gov,1
Conservative,steynonline.com,1
Conservative,tabletmag.com,1
Conservative,taxpolicycenter.org,1
Conservative,telegraph.co.uk,1
Conservative,the-independent.com,1
Conservative,theblaze.com,3
Conservative,thebureau.news,2
Conservative,thecentersquare.com,1
Conservative,thecollegefix.com,2
Conservative,theepochtimes.com,1
Conservative,thefederalist.com,7
Conservative,thefp.com,1
Conservative,thelondoneconomic.com,1
Conservative,thenewamerican.com,1
Conservative,thespectator.com,2
Conservative,thesuburban.com,1
Conservative,thesun.co.uk,1
Conservative,thetimes.com,1
Conservative,thewrap.com,1
Conservative,timesofindia.indiatimes.com,1
Conservative,timesofisrael.com,2
Conservative,tomklingenstein.com,2
Conservative,torontosun.com,3
Conservative,townhall.com,27
Conservative,trendingpoliticsnews.com,2
Conservative,tribune.com.pk,1
Conservative,twitchy.com,11
Conservative,unherd.com,5
Conservative,v.redd.it,19
Conservative,verity.news,1
Conservative,victorhanson.com,1
Conservative,washingtonexaminer.com,6
Conservative,washingtontimes.com,2
Conservative,wbls.com,1
Conservative,wcnc.com,1
Conservative,weblo.info,2
Conservative,westernjournal.com,1
Conservative,whitehouse.gov,2
Conservative,wset.com,1
Conservative,wsj.com,4
Conservative,wtap.com,1
Conservative,wusa9.com,1
Conservative,x.com,29
Conservative,youtu.be,18
Conservative,youtube.com,21
Liberal,2paragraphs.com,1
Liberal,8newsnow.com,1
Liberal,abcnews.go.com,16
Liberal,about.usps.com,1
Liberal,ajc.com,1
Liberal,americanbar.org,1
Liberal,americanprogress.org,3
Liberal,amp.cnn.com,2
Liberal,aol.com,1
Liberal,apnews.com,16
Liberal,axios.com,7
Liberal,bbc.com,2
Liberal,blog.meatmutts.com,2
Liberal,bloomberg.com,1
Liberal,bsky.app,1
Liberal,buddycarter.house.gov,1
Liberal,businessinsider.com,2
Liberal,cardinalnews.org,1
Liberal,carscoops.com,1
Liberal,cbpp.org,1
Liberal,cbsnews.com,13
Liberal,cesarcardona.com,1
Liberal,cnbc.com,7
Liberal,cnn.com,20
Liberal,congress.gov,1
Liberal,cookpolitical.com,1
Liberal,dailykos.com,2
Liberal,dallasnews.com,1
Liberal,deadline.com,1
Liberal,democracy-dispatch.ghost.io,1
Liberal,democracynow.org,1
Liberal,democrats.senate.gov,1
Liberal,doctorswithoutborders.org,1
Liberal,drempd.com,1
Liberal,emptywheel.net,1
Liberal,environmental-action.org,1
Liberal,factcheck.org,1
Liberal,fec.gov,1
Liberal,federalnewsnetwork.com,1
Liberal,fema.gov,1
Liberal,fiercehealthcare.com,1
Liberal,fortune.com,2
Liberal,georgiarecorder.com,1
Liberal,harpers.org,1
Liberal,heraldtribune.com,1
Liberal,hindustantimes.com,1
Liberal,huffpost.com,14
Liberal,ibtimes.com,3
Liberal,il.usembassy.gov,1
Liberal,imdb.com,1
Liberal,inc.com,1
Liberal,independent.co.uk,2
Liberal,insideprivacy.com,1
Liberal,johnpavlovitz.com,1
Liberal,koin.com,1
Liberal,ktla.com,1
Liberal,latimes.com,2
Liberal,latintimes.com,1
Liberal,leftfootforward.org,1
Liberal,livemint.com,1
Liberal,lonestarleft.com,1
Liberal,mediaite.com,1
Liberal,mediamatters.org,1
Liberal,mobilize.us,1
Liberal,msn.com,3
Liberal,msnbc.com,7
Liberal,nbcnews.com,17
Liberal,newrepublic.com,4
Liberal,news.bloomberglaw.com,1
Liberal,news.northeastern.edu,1
Liberal,newsweek.com,9
Liberal,nixthenoms.com,1
Liberal,npr.org,10
Liberal,okmagazine.com,1
Liberal,opentodebate.org,1
Liberal,oregonlive.com,1
Liberal,pbs.org,1
Liberal,people.com,2
Liberal,philosophersbeard.org,1
Liberal,planetcritical.com,1
Liberal,politico.com,13
Liberal,projects.fivethirtyeight.com,1
Liberal,propublica.org,1
Liberal,psypost.org,1
Liberal,rawstory.com,2
Liberal,reuters.com,10
Liberal,revolt.tv,1
Liberal,rollingstone.com,1
Liberal,salon.com,3
Liberal,science.org,1
Liberal,search.app,1
Liberal,self.KamalaHarris,1
Liberal,self.Liberal,595
Liberal,semafor.com,1
Liberal,slate.com,1
Liberal,standard.co.uk,1
Liberal,staradvertiser.com,1
Liberal,statista.com,1
Liberal,swissinfo.ch,1
Liberal,ted.com,2
Liberal,texasattorneygeneral.gov,1
Liberal,texastribune.org,1
Liberal,the-express.com,1
Liberal,the-independent.com,1
Liberal,theatlantic.com,3
Liberal,theconversation.com,1
Liberal,thedailybeast.com,5
Liberal,theguardian.com,2
Liberal,thehill.com,39
Liberal,themarysue.com,4
Liberal,thenevadaindependent.com,1
Liberal,therecord.media,1
Liberal,thewrap.com,1
Liberal,time.com,4
Liberal,truthsocial.com,1
Liberal,u24.gov.ua,1
Liberal,unilad.com,1
Liberal,upi.com,2
Liberal,usatoday.com,11
Liberal,voteclimatepac.org,1
Liberal,vox.com,2
Liberal,wapo.st,1
Liberal,washingtonpost.com,1
Liberal,wcvb.com,1
Liberal,wegotthiscovered.com,1
Liberal,wired.com,2
Liberal,x.com,1
PoliticalDiscussion,self.PoliticalDiscussion,116
Republican,abcnews.go.com,1
Republican,americanthinker.com,2
Republican,amp.cnn.com,1
Republican,apnews.com,7
Republican,apple.news,2
Republican,babylonbee.com,10
Republican,bbc.com,10
Republican,biblegateway.com,1
Republican,bizfeed.site,1
Republican,bloomberg.com,2
Republican,breitbart.com,36
Republican,businessinsider.com,1
Republican,c-span.org,2
Republican,canada.com,1
Republican,carnegieendowment.org,1
Republican,cbc.ca,2
Republican,cbsnews.com,2
Republican,channel8.com,1
Republican,citizenportal.ai,1
Republican,cmsny.org,1
Republican,cnn.com,1
Republican,coloradosun.com,1
Republican,conservativeroof.com,16
Republican,credello.com,1
Republican,dailyboulder.com,1
Republican,dailycaller.com,2
Republican,dailymail.co.uk,5
Republican,dailywire.com,36
Republican,doge.gov,2
Republican,ecancer.org,2
Republican,eko.substack.com,1
Republican,en.m.wikipedia.org,3
Republican,factcheck.org,1
Republican,fal-api-audio-uploads.s3.amazonaws.com,1
Republican,fincen.gov,1
Republican,forms.gle,1
Republican,fortune.com,1
Republican,foundationforfreedomonline.com,1
Republican,fox5atlanta.com,1
Republican,fox5dc.com,1
Republican,foxnews.com,30
Republican,ft.com,1
Republican,fxtwitter.com,1
Republican,globaldisconnect.substack.com,1
Republican,google.com,3
Republican,gov.com,1
Republican,grants.nih.gov,1
Republican,ground.news,3
Republican,health.state.mn.us,1
Republican,hollywoodreporter.com,1
Republican,hotair.com,1
Republican,hungarianconservative.com,3
Republican,i.redd.it,12
Republican,ice.gov,1
Republican,independent.co.uk,1
Republican,instagram.com,3
Republican,jfeed.com,4
Republican,justthenews.com,3
Republican,kcra.com,1
Republican,laborrelationsupdate.com,1
Republican,law.cornell.edu,2
Republican,legiscan.com,1
Republican,m.facebook.com,1
Republican,m.youtube.com,1
Republican,me.com,2
Republican,medium.com,1
Republican,merriam-webster.com,1
Republican,michiganross.umich.edu,1
Republican,military.com,1
Republican,msn.com,2
Republican,nationalreview.com,11
Republican,nbcnews.com,3
Republican,newrepublic.com,2
Republican,news18.com,1
Republican,newsbusters.org,1
Republican,newsmax.com,1
Republican,newsweek.com,8
Republican,northwestseafood.com,1
Republican,notthebee.com,17
Republican,npr.org,1
Republican,nypost.com,45
Republican,nytimes.com,2
Republican,obamawhitehouse.archives.gov,1
Republican,open.substack.com,1
Republican,openicpsr.org,1
Republican,patch.com,1
Republican,patriotpost.us,1
Republican,pbs.org,1
Republican,pcmag.com,1
Republican,pjmedia.com,24
Republican,politico.com,1
Republican,politico.eu,2
Republican,priceschool.usc.edu,1
Republican,reason.com,4
Republican,redcross.com,1
Republican,reddit.com,46
Republican,redstate.com,33
Republican,republican.com,1
Republican,reuters.com,3
Republican,reviewjournal.com,1
Republican,rumble.com,4
Republican,scag.gov,1
Republican,self.Republican,8
Republican,senate.gov,1
Republican,senate.mo.gov,1
Republican,stalbertgazette.com,1
Republican,state.gov,1
Republican,stopthewoke.com,1
Republican,straitstimes.com,1
Republican,strawpoll.com,1
Republican,techdirt.com,1
Republican,temporary-url.com,1
Republican,tesla.com,1
Republican,theamericanconservative.com,1
Republican,theblaze.com,2
Republican,thecut.com,1
Republican,thefederalist.com,1
Republican,thehill.com,2
Republican,thewrap.com,1
Republican,threadreaderapp.com,1
Republican,tiktok.com,4
Republican,time.com,1
Republican,timesofisrael.com,1
Republican,townhall.com,39
Republican,truthsocial.com,2
Republican,twitchy.com,21
Republican,twitter.com,1
Republican,usa.gov,1
Republican,usatoday.com,4
Republican,variety.com,1
Republican,verity.news,1
Republican,wapo.st,5
Republican,washingtonexaminer.com,1
Republican,washingtonpost.com,2
Republican,washingtontimes.com,2
Republican,weheartcleelumroslyn.com,1
Republican,westernjournal.com,2
Republican,whitehouse.gov,4
Republican,wonkette.com,1
Republican,wsj.com,9
Republican,x.com,20
Republican,youtu.be,40
Republican,youtube.com,178
Republican,za.usembassy.gov,1
democrats,19thnews.org,1
democrats,25and.me,1
democrats,404media.co,2
democrats,abcnews.go.com,3
democrats,advocate.com,1
democrats,airtable.com,1
democrats,alternet.org,1
democrats,americanbar.org,1
democrats,americanprogress.org,3
democrats,amp.cnn.com,3
democrats,amp.star-telegram.com,1
democrats,apnews.com,13
democrats,archive.is,3
democrats,archive.ph,2
democrats,atlanticcouncil.org,1
democrats,axios.com,14
democrats,baldwin.senate.gov,1
democrats,ballotpedia.org,1
democrats,baltimoresun.com,1
democrats,bbc.com,4
democrats,benzinga.com,1
democrats,berlingske.dk,1
democrats,bluevirginia.us,1
democrats,brookings.edu,2
democrats,buzzfeed.com,1
democrats,c-span.org,2
democrats,calmatters.org,1
democrats,cbc.ca,1
democrats,cbpp.org,2
democrats,cbsnews.com,8
democrats,civileats.com,1
democrats,cnbc.com,5
democrats,cnn.com,13
democrats,columbiamissourian.com,1
democrats,comptroller.nyc.gov,1
democrats,congress.gov,8
democrats,crooksandliars.com,1
democrats,ctmirror.org,1
democrats,ctnewsjunkie.com,1
democrats,dailykos.com,7
democrats,dailymontanan.com,1
democrats,deadline.com,1
democrats,delauro.house.gov,1
democrats,delawareonline.com,1
democrats,democracydocket.com,2
democrats,democrats-appropriations.house.gov,2
democrats,democrats.org,1
democrats,democrats.senate.gov,1
democrats,democratsabroad.org,1
democrats,denvergazette.com,1
democrats,desmoinesregister.com,1
democrats,detroitnews.com,1
democrats,docs.google.com,1
democrats,ed.gov,1
democrats,electionbettingodds.com,1
democrats,electiontruthalliance.org,2
democrats,electrek.co,1
democrats,en.wikipedia.org,1
democrats,energy.senate.gov,1
democrats,eurasiantimes.com,1
democrats,faa.gov,1
democrats,farmpolicynews.illinois.edu,1
democrats,federalnewsnetwork.com,2
democrats,finance.yahoo.com,1
democrats,forbes.com,1
democrats,foreignaffairs.com,1
democrats,forms.gle,1
democrats,fortune.com,1
democrats,fox17.com,1
democrats,freep.com,1
democrats,ft.com,1
democrats,futurism.com,2
democrats,gbnews.com,1
democrats,gizmodo.com,2
democrats,globalnews.ca,1
democrats,google.com,2
democrats,gothamist.com,1
democrats,hamzakhan.me,1
democrats,heinrich.senate.gov,1
democrats,hilltimes.com,1
democrats,huffpost.com,8
democrats,i.imgur.com,5
democrats,i.redd.it,313
democrats,imgflip.com,1
democrats,imgur.com,3
democrats,independent.co.uk,5
democrats,indepthnh.org,1
democrats,instagram.com,5
democrats,iowacapitaldispatch.com,1
democrats,itep.org,1
democrats,jayapal.house.gov,1
democrats,jsonline.com,1
democrats,kob.com,1
democrats,l.smartnews.com,2
democrats,latimes.com,2
democrats,latintimes.com,2
democrats,lawandcrime.com,2
democrats,linkedin.com,1
democrats,m.youtube.com,2
democrats,markey.senate.gov,1
democrats,mcsweeneys.net,1
democrats,mediaite.com,2
democrats,miaminewtimes.com,1
democrats,mobilize.us,1
democrats,motherjones.com,4
democrats,msmagazine.com,1
democrats,msn.com,4
democrats,msnbc.com,19
democrats,nature.com,1
democrats,nbcnews.com,29
democrats,ndtv.com,1
democrats,newrepublic.com,10
democrats,news.va.gov,1
democrats,newsbreak.com,1
democrats,newstimes.com,2
democrats,newsweek.com,19
democrats,nij.ojp.gov,1
democrats,nola.com,1
democrats,northpennnow.com,1
democrats,notus.org,2
democrats,npr.org,6
democrats,nsf-gov-resources.nsf.gov,1
democrats,nymag.com,1
democrats,nytimes.com,21
democrats,obrag.org,1
democrats,offmessage.net,1
democrats,ogles.house.gov,1
democrats,open.substack.com,3
democrats,ossoff.senate.gov,1
democrats,pbs.org,1
democrats,peoplesworld.org,1
democrats,podcasts.apple.com,2
democrats,politico.com,18
democrats,politico.eu,3
democrats,popular.info,1
democrats,projects.propublica.org,2
democrats,psypost.org,1
democrats,qz.com,2
democrats,raskin.house.gov,1
democrats,rawstory.com,3
democrats,reddit.com,34
democrats,reuters.com,10
democrats,riag.ri.gov,1
democrats,rightforbucks.com,1
democrats,robertreich.substack.com,1
democrats,rollingstone.com,1
democrats,rosen.senate.gov,1
democrats,runforsomething.net,1
democrats,salon.com,4
democrats,scholarships.com,1
democrats,scientificamerican.com,1
democrats,self.democrats,2
democrats,slate.com,3
democrats,statedemocracydefenders.org,1
democrats,statnews.com,1
democrats,stripes.com,1
democrats,substack.com,1
democrats,systemicpeace.org,1
democrats,talkingpointsmemo.com,4
democrats,techcrunch.com,1
democrats,techdirt.com,1
democrats,techpolicy.press,1
democrats,telegraph.co.uk,1
democrats,texastribune.org,3
democrats,the-independent.com,1
democrats,theatlantic.com,4
democrats,thedailybeast.com,8
democrats,theeducatorsroom.com,1
democrats,thefp.com,1
democrats,theguardian.com,20
democrats,thehill.com,27
democrats,themercury.com,1
democrats,thenation.com,2
democrats,thenerdreich.com,1
democrats,theodoreira.substack.com,1
democrats,thetimes.com,1
democrats,theverge.com,1
democrats,threads.net,1
democrats,time.com,3
democrats,tspb.texas.gov,1
democrats,usatoday.com,5
democrats,uschamber.com,1
democrats,usnews.com,1
democrats,v.redd.it,39
democrats,vanityfair.com,1
democrats,vogue.com,2
democrats,vox.com,2
democrats,washingtonpost.com,12
democrats,wbur.org,1
democrats,welcomestack.org,1
democrats,wfyi.org,1
democrats,wired.com,1
democrats,wnycstudios.org,1
democrats,wral.com,1
democrats,wsj.com,1
democrats,yahoo.com,9
democrats,youtu.be,2
democrats,youtube.com,4
neoliberal,19fortyfive.com,1
neoliberal,abcnews.go.com,3
neoliberal,about.usps.com,1
neoliberal,aei.org,1
neoliberal,agweb.com,1
neoliberal,americanprogress.org,1
neoliberal,amny.com,1
neoliberal,aol.com,3
neoliberal,ap.org,1
neoliberal,apnews.com,30
neoliberal,archive.is,4
neoliberal,archive.today,1
neoliberal,arstechnica.com,4
neoliberal,asahi.com,2
neoliberal,asteriskmag.com,1
neoliberal,astralcodexten.com,2
neoliberal,axios.com,13
neoliberal,barrons.com,1
neoliberal,bbc.co.uk,1
neoliberal,bbc.com,14
neoliberal,bloomberg.com,18
neoliberal,boundless.com,1
neoliberal,brasildefatorj.com.br,1
neoliberal,brennancenter.org,1
neoliberal,bridgewater.com,1
neoliberal,bringcostsdown.org,1
neoliberal,brookings.edu,2
neoliberal,brusselstimes.com,1
neoliberal,businessinsider.com,1
neoliberal,ca.finance.yahoo.com,1
neoliberal,calmatters.org,1
neoliberal,cambridgeday.com,1
neoliberal,carnegieendowment.org,3
neoliberal,cato.org,2
neoliberal,cbc.ca,16
neoliberal,cbpp.org,1
neoliberal,cbsnews.com,10
neoliberal,chosun.com,1
neoliberal,cnbc.com,11
neoliberal,cnn.com,21
neoliberal,cogitations.co,1
neoliberal,comptroller.nyc.gov,1
neoliberal,courier-journal.com,1
neoliberal,ctvnews.ca,8
neoliberal,cyberintel.substack.com,1
neoliberal,davidcoletto.substack.com,1
neoliberal,defense.gov,1
neoliberal,democracydocket.com,1
neoliberal,denverpost.com,1
neoliberal,disconnect.blog,1
neoliberal,dispatch.com,1
neoliberal,doi.org,1
neoliberal,dw.com,9
neoliberal,ec.europa.eu,1
neoliberal,economist.com,31
neoliberal,edconway.substack.com,1
neoliberal,edition.cnn.com,4
neoliberal,electrek.co,1
neoliberal,en.yna.co.kr,1
neoliberal,engelsbergideas.com,3
neoliberal,english.hani.co.kr,2
neoliberal,english.kyodonews.net,6
neoliberal,euronews.com,2
neoliberal,ewn.co.za,1
neoliberal,federalnewsnetwork.com,2
neoliberal,finance.yahoo.com,1
neoliberal,financialexpress.com,1
neoliberal,financialpost.com,1
neoliberal,findingequilibriumfuturehighered.substack.com,1
neoliberal,floridaphoenix.com,1
neoliberal,focustaiwan.tw,1
neoliberal,forbes.com,2
neoliberal,foreignaffairs.com,5
neoliberal,foreignpolicy.com,1
neoliberal,fortune.com,1
neoliberal,france24.com,2
neoliberal,frontiersin.org,1
neoliberal,ft.com,48
neoliberal,globalnews.ca,3
neoliberal,goldenstatements.substack.com,1
neoliberal,govexec.com,2
neoliberal,grist.org,1
neoliberal,harpers.org,1
neoliberal,heatmap.news,1
neoliberal,heraldscotland.com,1
neoliberal,hilltimes.com,1
neoliberal,hs.fi,1
neoliberal,i.imgur.com,1
neoliberal,i.redd.it,69
neoliberal,icirnigeria.org,1
neoliberal,ifw-kiel.de,1
neoliberal,imightbewrong.org,1
neoliberal,independent.co.uk,4
neoliberal,indianexpress.com,1
neoliberal,indiatoday.in,1
neoliberal,inews.co.uk,1
neoliberal,infinitescroll.us,1
neoliberal,inforum.com,1
neoliberal,jakartaglobe.id,1
neoliberal,japantimes.co.jp,1
neoliberal,josephheath.substack.com,1
neoliberal,justice.gov,1
neoliberal,kaine.senate.gov,1
neoliberal,kiplinger.com,1
neoliberal,ktvb.com,1
neoliberal,kyivindependent.com,1
neoliberal,lailluminator.com,1
neoliberal,laist.com,1
neoliberal,landtagswahlen.li,1
neoliberal,lawfaremedia.org,3
neoliberal,lbpost.com,1
neoliberal,liberalcurrents.com,1
neoliberal,livemint.com,1
neoliberal,lrb.co.uk,1
neoliberal,lrt.lt,2
neoliberal,m.economictimes.com,1
neoliberal,m.jpost.com,1
neoliberal,m.koreaherald.com,1
neoliberal,maximum-progress.com,1
neoliberal,metro.co.uk,1
neoliberal,middleeastmonitor.com,1
neoliberal,military.com,1
neoliberal,muse.jhu.edu,1
neoliberal,nationalnewswatch.com,1
neoliberal,nationalobserver.com,1
neoliberal,nationalpost.com,1
neoliberal,nature.com,2
neoliberal,nbcnews.com,23
neoliberal,nbcnewyork.com,1
neoliberal,ndtv.com,1
neoliberal,newarab.com,1
neoliberal,news.bloomberglaw.com,1
neoliberal,news.gallup.com,1
neoliberal,news.vocofm.com,1
neoliberal,newstatesman.com,1
neoliberal,newsweek.com,3
neoliberal,newyorker.com,4
neoliberal,niskanencenter.org,3
neoliberal,noahpinion.blog,2
neoliberal,nomenugget.com,1
neoliberal,notesfrompoland.com,18
neoliberal,npr.org,14
neoliberal,ny1.com,1
neoliberal,nytimes.com,55
neoliberal,on.ft.com,2
neoliberal,onlinelibrary.wiley.com,1
neoliberal,open.substack.com,3
neoliberal,parkingreform.org,1
neoliberal,paul.senate.gov,1
neoliberal,pbs.org,1
neoliberal,peoplespolicyproject.org,1
neoliberal,persuasion.community,7
neoliberal,pewresearch.org,1
neoliberal,podcasts.apple.com,1
neoliberal,politico.com,41
neoliberal,politico.eu,17
neoliberal,polskieradio.pl,13
neoliberal,popular.info,1
neoliberal,post-gazette.com,1
neoliberal,postandcourier.com,1
neoliberal,pravda.com.ua,1
neoliberal,propublica.org,2
neoliberal,prospect.org,1
neoliberal,pv-magazine-usa.com,1
neoliberal,railjournal.com,1
neoliberal,reason.com,3
neoliberal,reddit.com,6
neoliberal,reuters.com,35
neoliberal,rfi.fr,1
neoliberal,scholars-stage.org,1
neoliberal,science.org,1
neoliberal,sciencedirect.com,2
neoliberal,scmp.com,1
neoliberal,self.neoliberal,34
neoliberal,sfchronicle.com,1
neoliberal,sfstandard.com,1
neoliberal,shop.hololivepro.com,1
neoliberal,shugerblogcom.wordpress.com,1
neoliberal,siliconcontinent.com,2
neoliberal,slate.com,2
neoliberal,slowboring.com,2
neoliberal,snhr.org,1
neoliberal,sooleader.com,1
neoliberal,sourcenm.com,1
neoliberal,spiegel.de,1
neoliberal,standupforscience2025.org,1
neoliberal,statnews.com,2
neoliberal,statuskuo.substack.com,1
neoliberal,stern.de,1
neoliberal,streamable.com,3
neoliberal,stripes.com,1
neoliberal,substack.com,2
neoliberal,swissinfo.ch,1
neoliberal,syriacpatriarchate.org,1
neoliberal,taskandpurpose.com,2
neoliberal,techcrunch.com,2
neoliberal,techdirt.com,3
neoliberal,telegraph.co.uk,1
neoliberal,texastribune.org,1
neoliberal,theatlantic.com,13
neoliberal,thebaltimorebanner.com,1
neoliberal,thebulwark.com,2
neoliberal,thecity.nyc,1
neoliberal,theconversation.com,3
neoliberal,thedailyrenter.com,6
neoliberal,thediplomat.com,1
neoliberal,thedispatch.com,1
neoliberal,theglobeandmail.com,6
neoliberal,theguardian.com,24
neoliberal,thehill.com,35
neoliberal,thehindu.com,1
neoliberal,thelogic.co,1
neoliberal,them.us,1
neoliberal,thenewatlantis.com,1
neoliberal,thestar.com,4
neoliberal,thetimes.com,1
neoliberal,thetravel.com,1
neoliberal,theverge.com,1
neoliberal,thewalrus.ca,1
neoliberal,timesofisrael.com,1
neoliberal,today.yougov.com,1
neoliberal,tracingwoodgrains.com,1
neoliberal,trackingproject2025.com,2
neoliberal,trains.com,2
neoliberal,umnews.org,1
neoliberal,unhcr.org,1
neoliberal,unherd.com,1
neoliberal,usatoday.com,2
neoliberal,usnews.com,1
neoliberal,voanews.com,7
neoliberal,vox.com,5
neoliberal,warontherocks.com,2
neoliberal,washingtonpost.com,8
neoliberal,wavellroom.com,1
neoliberal,wbznewsradio.iheart.com,1
neoliberal,weforum.org,1
neoliberal,whanchoi.people.uic.edu,1
neoliberal,whitehouse.gov,1
neoliberal,whyy.org,1
neoliberal,wired.com,4
neoliberal,wsj.com,18
neoliberal,wusa9.com,1
neoliberal,yahoo.com,5
politics,11alive.com,1
politics,13abc.com,1
politics,19thnews.org,2
politics,404media.co,4
politics,abc.net.au,1
politics,abc7.com,1
politics,abc7ny.com,1
politics,abcnews.go.com,14
politics,abovethelaw.com,2
politics,aclu.org,1
politics,acus.gov,1
politics,advocate.com,1
politics,ajc.com,1
politics,al.com,2
politics,alabamareflector.com,1
politics,aljazeera.com,3
politics,amp.cnn.com,3
politics,amp.scmp.com,1
politics,apnews.com,52
politics,arstechnica.com,2
politics,axios.com,3
politics,azag.gov,1
politics,bbc.co.uk,5
politics,bbc.com,18
politics,blog.ucsusa.org,1
politics,bloomberg.com,14
politics,bostonglobe.com,1
politics,businessinsider.com,4
politics,cbc.ca,8
politics,cbpp.org,1
politics,cbsnews.com,19
politics,cdc.gov,1
politics,chalkbeat.org,1
politics,chicagotribune.com,1
politics,chron.com,2
politics,civilbeat.org,1
politics,cleveland.com,1
politics,cnbc.com,4
politics,cnn.com,32
politics,commondreams.org,9
politics,congress.gov,1
politics,courthousenews.com,3
politics,crfb.org,1
politics,csis.org,2
politics,ctvnews.ca,3
politics,dailyinterlake.com,1
politics,dailywire.com,1
politics,dei.gov,1
politics,delawareonline.com,1
politics,democracydocket.com,1
politics,democrats-appropriations.house.gov,1
politics,doge.gov,1
politics,economist.com,1
politics,edition.cnn.com,11
politics,epa.gov,1
politics,esquire.com,1
politics,euronews.com,1
politics,fastcompany.com,1
politics,fetterman.senate.gov,1
politics,ffrf.org,1
politics,foreignaffairs.com,1
politics,foreignpolicy.com,1
politics,fortune.com,6
politics,forward.com,3
politics,fox59.com,1
politics,fox5ny.com,1
politics,foxbusiness.com,1
politics,foxnews.com,8
politics,ft.com,5
politics,gazette.com,2
politics,globalnews.ca,3
politics,gothamist.com,3
politics,gov.ca.gov,1
politics,govexec.com,1
politics,guampdn.com,1
politics,heatmap.news,1
politics,helenair.com,1
politics,heritage.org,1
politics,hollywoodreporter.com,1
politics,house.mo.gov,1
politics,huffpost.com,8
politics,idahostatesman.com,1
politics,ijr.com,1
politics,inc.com,1
politics,independent.co.uk,17
politics,inquirer.com,1
politics,insidehighered.com,1
politics,inthesetimes.com,1
politics,iowacapitaldispatch.com,1
politics,jacobin.com,1
politics,jewishinsider.com,1
politics,jsonline.com,2
politics,kansasreflector.com,1
politics,kdvr.com,1
politics,keloland.com,1
politics,kentuckylantern.com,1
politics,komonews.com,1
politics,ksla.com,1
politics,lailluminator.com,1
politics,latimes.com,3
politics,latintimes.com,8
politics,lawandcrime.com,4
politics,lgbtqnation.com,3
politics,marketplace.org,1
politics,meduza.io,1
politics,mercurynews.com,1
politics,miaminewtimes.com,2
politics,military.com,5
politics,missouriindependent.com,1
politics,motherjones.com,10
politics,msnbc.com,13
politics,nationalinterest.org,1
politics,nationalpost.com,3
politics,nature.com,1
politics,nbcbayarea.com,1
politics,nbcnews.com,24
politics,nbcnewyork.com,2
politics,nebraska.tv,1
politics,newrepublic.com,26
politics,news.bloomberglaw.com,3
politics,news.sky.com,6
politics,news.usni.org,1
politics,news10.com,1
politics,newsobserver.com,1
politics,newsweek.com,27
politics,newyorker.com,1
politics,northjersey.com,1
politics,npr.org,22
politics,ny1.com,1
politics,nymag.com,2
politics,nypost.com,9
politics,nysun.com,1
politics,nytimes.com,65
politics,ogles.house.gov,1
politics,ohiocapitaljournal.com,1
politics,oklegislature.gov,1
politics,opb.org,1
politics,outdoorlife.com,1
politics,pasquines.us,1
politics,pbs.org,5
politics,people.com,5
politics,pewresearch.org,1
politics,politico.com,21
politics,politico.eu,12
politics,politifact.com,1
politics,projects.propublica.org,3
politics,propublica.org,2
politics,prospect.org,2
politics,reuters.com,35
politics,rollingstone.com,6
politics,salon.com,13
politics,scmp.com,2
politics,seattletimes.com,1
politics,self.politics,1
politics,semafor.com,1
politics,sfchronicle.com,2
politics,sfgate.com,1
politics,sierraclub.org,1
politics,silive.com,2
politics,slate.com,1
politics,sltrib.com,2
politics,snopes.com,3
politics,statnews.com,3
politics,stltoday.com,1
politics,syracuse.com,2
politics,talkingpointsmemo.com,2
politics,tcpalm.com,1
politics,techdirt.com,2
politics,telegraph.co.uk,2
politics,texasmonthly.com,1
politics,texastribune.org,1
politics,the-independent.com,2
politics,theatlantic.com,13
politics,thebulletin.org,1
politics,thebulwark.com,4
politics,thecity.nyc,1
politics,theconversation.com,2
politics,thedailybeast.com,22
politics,thefederalist.com,1
politics,theglobeandmail.com,2
politics,theguardian.com,56
politics,thehill.com,35
politics,theintercept.com,2
politics,thenation.com,7
politics,thepinknews.com,2
politics,thestar.com,2
politics,thetimes.com,8
politics,theverge.com,6
politics,time.com,2
politics,upi.com,1
politics,usatoday.com,14
politics,usnews.com,1
politics,utahnewsdispatch.com,1
politics,vanityfair.com,2
politics,vox.com,4
politics,warontherocks.com,1
politics,washingtonpost.com,21
politics,washingtontimes.com,1
politics,wcpo.com,1
politics,whitehouse.gov,1
politics,whowhatwhy.org,1
politics,wired.com,9
politics,wlwt.com,1
politics,wmar2news.com,1
politics,woodtv.com,1
politics,wsbtv.com,1
politics,wsj.com,15
politics,wtkr.com,1
politics,wusa9.com,2
politics,wwno.org,1
politics,wyofile.com,3
socialism,abcf.net,2
socialism,ahmedelhennawy.substack.com,1
socialism,akpress.org,1
socialism,aljazeera.com,2
socialism,angryworkers.org,1
socialism,anti-imperialist.net,2
socialism,axios.com,1
socialism,bbc.com,3
socialism,betterdwelling.com,1
socialism,blackallianceforpeace.com,5
socialism,blackrosefed.org,1
socialism,blog.pmpress.org,2
socialism,brasildefato.com.br,1
socialism,cbc.ca,1
socialism,chicago.suntimes.com,1
socialism,commondreams.org,1
socialism,content.blubrry.com,1
socialism,cosmonautmag.com,1
socialism,counterpunch.org,5
socialism,covertactionmagazine.com,1
socialism,democracynow.org,2
socialism,directory.libsyn.com,1
socialism,disclose.tv,1
socialism,documents.un.org,1
socialism,dropsitenews.com,1
socialism,dsausa.org,1
socialism,dw.com,3
socialism,ember-red.com,1
socialism,emdefesadocomunismo.com.br,4
socialism,en.granma.cu,1
socialism,en.wikipedia.org,1
socialism,euronews.com,2
socialism,facebook.com,1
socialism,france24.com,1
socialism,freealexstokes.com,1
socialism,freedomnews.org.uk,1
socialism,ft.com,1
socialism,futurehistories-international.com,1
socialism,gizmodo.com,1
socialism,globalsouthcolloquy.com,1
socialism,google.com,1
socialism,hammerandhope.org,1
socialism,hamn.nu,1
socialism,hindustantimes.com,1
socialism,i.redd.it,90
socialism,i24news.tv,1
socialism,idcommunism.com,1
socialism,industrialworker.org,1
socialism,inequality.org,1
socialism,instagram.com,2
socialism,irishtimes.com,1
socialism,jacobin.com,6
socialism,jakewinkle.blogspot.com,1
socialism,labornotes.org,3
socialism,leftcom.org,15
socialism,leftistfeminista.tumblr.com,1
socialism,leftvoice.org,2
socialism,libcom.org,2
socialism,m.independent.ie,1
socialism,m.youtube.com,1
socialism,marxandphilosophy.org.uk,1
socialism,marxist.com,1
socialism,medium.com,1
socialism,menasolidaritynetwork.com,1
socialism,mintpressnews.com,3
socialism,mltoday.com,1
socialism,newleftreview.org,1
socialism,news.cgtn.com,1
socialism,open.spotify.com,1
socialism,open.substack.com,2
socialism,ourhistory.substack.com,1
socialism,partisanmagazine.org,1
socialism,peoplesdispatch.org,10
socialism,peoplesworld.org,2
socialism,politico.eu,2
socialism,popularresistance.org,1
socialism,poynter.org,1
socialism,prolespod.libsyn.com,1
socialism,propublica.org,1
socialism,radiohc.cu,1
socialism,rawstory.com,1
socialism,rebelnews.ie,1
socialism,redantcollective.org,1
socialism,reddit.com,94
socialism,redflag.org.au,1
socialism,removepaywall.com,1
socialism,restofworld.org,1
socialism,reuters.com,4
socialism,revsoc21.uk,1
socialism,scientificamerican.com,1
socialism,self.socialism,406
socialism,socialistchina.org,1
socialism,southfloridareporter.com,1
socialism,streamable.com,1
socialism,struggle-la-lucha.org,1
socialism,substack.com,1
socialism,systemicdisorder.wordpress.com,2
socialism,teenvogue.com,1
socialism,tempestmag.org,4
socialism,thegrayzone.com,1
socialism,theguardian.com,6
socialism,theintercept.com,3
socialism,theleftberlin.com,1
socialism,thelefthook.substack.com,1
socialism,thenerdreich.com,1
socialism,thenextrecession.wordpress.com,1
socialism,therednation.org,1
socialism,thetab.com,4
socialism,thetricontinental.org,2
socialism,threadreaderapp.com,1
socialism,transcribingpast.blogspot.com,1
socialism,tribuneindia.com,1
socialism,tribunemag.co.uk,1
socialism,unexaminedglitch.com,1
socialism,v.redd.it,82
socialism,wired.com,1
socialism,workers.org,2
socialism,working-mass.com,2
socialism,yo252yo.wordpress.com,1
socialism,youtu.be,39
socialism,youtube.com,31
socialism,zinnedproject.org,1
socialism,znetwork.org,3
worldpolitics,a.l3n.co,31
worldpolitics,b.l3n.co,37
worldpolitics,bsky.app,1
worldpolitics,c.l3n.co,33
worldpolitics,culturadealgibeira.com,1
worldpolitics,docs.google.com,1
worldpolitics,en.m.wiktionary.org,1
worldpolitics,en.wikipedia.org,1
worldpolitics,i.imgur.com,3
worldpolitics,i.redd.it,759
worldpolitics,imgur.com,1
worldpolitics,kpopconspiracies.quora.com,1
worldpolitics,miro.medium.com,1
worldpolitics,on.soundcloud.com,1
worldpolitics,redgifs.com,8
worldpolitics,self.worldpolitics,73
worldpolitics,tiktok.com,1
worldpolitics,youtu.be,17
worldpolitics,youtube.com,11
